accountHooliId,samUID
0013600001txwdG,undefined
0013600001ssRCj,undefined
0013600001sq4QQ,undefined
0013600001spvU5,undefined
0013600001usBhq,undefined
0011R000022goiG,undefined
0013600001xrvmp,undefined
0013600001xs1Kt,undefined
0011R00001xsm4a,undefined
0011R00001xsm7C,undefined
0011R00001xsmWn,undefined
0013600001xsVJn,undefined
0013600001xsVSb,undefined
0011R000025h6od,undefined
0013600001xrv9B,undefined
0013600001xrvzw,undefined
0011R00001xsmaQ,undefined
0013600001xsVYU,undefined
0013600001ng2Xl,undefined
0013600001ng2rq,undefined
0013600001msyNo,undefined
0013600001msyNs,undefined
0013600001msyNv,undefined
0013600001msyNw,undefined
0013600001msyO1,undefined
0013600001msyO2,undefined
0013600001msyO3,undefined
0013600001msyO8,undefined
0013600001msyOB,undefined
0013600001msyOG,undefined
0013600001msyOQ,undefined
0013600001msyOR,undefined
0013600001msyOS,undefined
0013600001msyPD,undefined
0013600001msyPE,undefined
0013600001msyPF,undefined
0013600001msyPG,undefined
0013600001msyPH,undefined
0013600001msyPI,undefined
0013600001msyMQ,undefined
0013600001xrwOm,undefined
0013600001xs0eE,undefined
0013600001xsUMS,undefined
0011R00001xsmDp,undefined
0013600001xrvHK,undefined
0011R00001xsmUI,undefined
0011R00001xslyd,undefined
0013600001xsTdo,undefined
0013600001oYEpq,undefined
0013600001oEatS,undefined
0013600001oWeVu,undefined
0013600001oYEr8,undefined
0013600001ow6G2,undefined
0013600001oYEoO,undefined
0013600001xsV4z,undefined
0013600001xrzIr,undefined
0013600001xruwk,undefined
0013600001xsU2e,undefined
0013600001xrq3c,undefined
0013600001xsTuf,undefined
0011R00001xsltD,undefined
0013600001xrv33,undefined
0013600001xrvcm,undefined
0013600001xs0k7,undefined
0013600001xrvs7,undefined
0013600001xrudj,undefined
0013600001xs1BN,undefined
0011R00001xsm2V,undefined
0013600001xsVfL,undefined
0013600001qX0Ko,undefined
0013600001qWwX7,undefined
0013600001qX4l7,undefined
0013600001qxZaf,undefined
0013600001qWssE,undefined
0013600001pyRBp,undefined
0013600001xsVcg,undefined
0013600001tL8me,undefined
0013600001rrf9I,undefined
0013600001rreu0,undefined
0013600001s5elJ,undefined
0013600001tw6VM,undefined
0013600001tL4mi,undefined
0013600001ssG0M,undefined
0013600001uETZ3,undefined
0013600001uDNpi,undefined
0013600001ssKBh,undefined
0013600001sgBdp,undefined
0013600001sq6t6,undefined
0013600001uDNok,undefined
0013600001vFj7x,undefined
0013600001vg8pe,undefined
0013600001vFilr,undefined
0013600001vgqLq,undefined
0013600001vfwik,undefined
0013600001vfuZ4,undefined
0013600001vibwi,undefined
0013600001w0yW5,undefined
0013600001w0xfl,undefined
0013600001tu2np,undefined
0011R00001zD56F,undefined
0013600001w0CDW,undefined
0011R00001zF0gd,undefined
0013600001w0CXQ,undefined
0013600001w0Cmp,undefined
0013600001w129f,undefined
0013600001w16dr,undefined
0011R000021pQOg,undefined
0011R000021srEt,undefined
0011R000021spm2,undefined
0011R000021scMw,undefined
0011R000021szjM,undefined
0011R000021spqu,undefined
0011R000021szbr,undefined
0011R000022da8J,undefined
0011R000022dJiN,undefined
0011R000022dZEE,undefined
0011R000022dJhZ,undefined
0011R000022dLBj,undefined
0011R00001xtCW0,undefined
0011R000022dtIH,undefined
0011R000022dtXi,undefined
0011R000022e4e1,undefined
0011R000022e6BD,undefined
0011R000022e4tn,undefined
0011R000022e5Qw,undefined
0013600001w2675,undefined
0011R00001zCmFb,undefined
0011R00001zDWMc,undefined
0011R00001zDJjk,undefined
0011R00001zCt6O,undefined
0011R00001zD49P,undefined
0011R00001zEAH1,undefined
0011R00001zCu31,undefined
0011R00001zD4Bf,undefined
0013600001xr6nV,undefined
0011R00001zBaaD,undefined
0011R00001zEpq4,undefined
0011R000024n2Mi,undefined
0011R000024n1oF,undefined
0011R000025h5FI,undefined
0011R00001zBaiQ,undefined
0013600001nDZbK,undefined
0013600001kse7v,undefined
0013600001kse8F,undefined
0013600001kse8j,undefined
0013600001msyMl,undefined
0013600001msyP2,undefined
0013600001msyPC,undefined
0013600001xqHGR,undefined
0013600001xqKN9,undefined
0013600001xqlF1,undefined
0013600001xru8f,undefined
0013600001xqje1,undefined
0011R00001zBK9r,undefined
0011R00001zE8oB,undefined
0011R00001zEf9B,undefined
0011R00001zEe1O,undefined
0011R00001zEA86,undefined
0011R00001zEeaZ,undefined
0013600001pJYfj,undefined
0013600001pJbkU,undefined
0013600001oYEx6,undefined
0013600001oYFaQ,undefined
0013600001ow5it,undefined
0013600001oVrEq,undefined
0013600001oUOCa,undefined
0013600001oYFdK,undefined
0013600001pvYza,undefined
0013600001pxJbv,undefined
0013600001oWecR,undefined
0013600001ow5hR,undefined
0013600001ovOw7,undefined
0013600001xrX1I,undefined
0013600001xqnDB,undefined
0011R00001zC4vf,undefined
0013600001xrabE,undefined
0013600001pxOer,undefined
0013600001rG352,undefined
0013600001rFuBY,undefined
0013600001rEuLd,undefined
0013600001qwmTW,undefined
0013600001qWu5Y,undefined
0013600001qviBM,undefined
0013600001pyUzp,undefined
0013600001qWCyO,undefined
0013600001s5Yzu,undefined
0013600001s5YWr,undefined
0013600001s5bR3,undefined
0013600001s5ZFT,undefined
0013600001s5abg,undefined
0013600001tnULY,undefined
0013600001tvAsK,undefined
0013600001s5ary,undefined
0013600001us5yg,undefined
0013600001tmVAm,undefined
0013600001tvEXY,undefined
0013600001tL7fJ,undefined
0013600001utrif,undefined
0013600001uu1Bu,undefined
0013600001vEchu,undefined
0013600001vBjQD,undefined
0013600001uu124,undefined
0013600001vfABF,undefined
0013600001uu1gn,undefined
0013600001uu1Mx,undefined
0013600001w09tm,undefined
0013600001w0Fj4,undefined
0013600001w0was,undefined
0013600001w0w56,undefined
0013600001w0dV3,undefined
0011R00001zBINY,undefined
0011R00001zBIJo,undefined
0013600001w0wKn,undefined
0013600001w0w7x,undefined
0013600001w0qiK,undefined
0013600001w0wGR,undefined
0013600001w0w4N,undefined
0013600001w0wP4,undefined
0013600001w0qaz,undefined
0011R000021sadm,undefined
0013600001w0wWU,undefined
0011R00001zBiih,undefined
0011R00001zBIKX,undefined
0011R00001xtO2E,undefined
0011R000022dnn9,undefined
0011R000022dsmb,undefined
0011R000022dqVv,undefined
0011R00001zBIMz,undefined
0011R00001zBikw,undefined
0011R000024k6Yy,undefined
0011R000024k6aX,undefined
0011R000024lTyX,undefined
0011R000024lU4J,undefined
0011R000025h77q,undefined
0011R000025h7GV,undefined
0011R000025h7eu,undefined
0011R000025h7Rp,undefined
0011R000025h7s9,undefined
0011R000025h71o,undefined
0011R000025h7Ob,undefined
0011R00001xt3qr,undefined
0013600001xrEz5,undefined
0013600001w3SyL,undefined
0013600001xpNmD,undefined
0013600001xpNRZ,undefined
0013600001w3Ssr,undefined
0013600001w3TBF,undefined
0013600001w3MwS,undefined
0013600001w3OH4,undefined
0013600001w3T5H,undefined
0013600001w3T8G,undefined
0013600001xpMQa,undefined
0013600001xpMmZ,undefined
0013600001xpyFA,undefined
0013600001ng6VP,undefined
0013600001nhiEJ,undefined
0013600001ng6WS,undefined
0013600001msyMk,undefined
0013600001msyN4,undefined
0013600001msyN5,undefined
0013600001msyO0,undefined
0013600001msyO4,undefined
0013600001msyO6,undefined
0013600001msyOX,undefined
0013600001msyOY,undefined
0013600001msyOb,undefined
0013600001msyOc,undefined
0013600001msyOd,undefined
0013600001msyOe,undefined
0013600001msyOf,undefined
0013600001msyOg,undefined
0013600001msyOh,undefined
0013600001msyOi,undefined
0013600001msyOj,undefined
0013600001msyOk,undefined
0013600001msyOl,undefined
0013600001msyOm,undefined
0013600001msyOn,undefined
0013600001msyOo,undefined
0013600001msyOp,undefined
0013600001msyP0,undefined
0013600001msyMN,undefined
0013600001msyMO,undefined
0013600001msyMe,undefined
0013600001w3TCr,undefined
0013600001w3Ole,undefined
0013600001w3NJf,undefined
0013600001w3TFq,undefined
0013600001xqH81,undefined
0013600001xqHD8,undefined
0013600001xpNs2,undefined
0013600001xqHpM,undefined
0013600001xqHjd,undefined
0013600001xqHZs,undefined
0013600001xqHMA,undefined
0013600001xrYd4,undefined
0013600001xqH9n,undefined
0013600001xpMef,undefined
0013600001xqGqv,undefined
0013600001xqHW5,undefined
0013600001njUo6,undefined
0013600001oGuj0,undefined
0013600001otop2,undefined
0013600001ovFZp,undefined
0013600001otov5,undefined
0013600001pIkJo,undefined
0013600001oGuiC,undefined
0013600001otnGA,undefined
0013600001otnOF,undefined
0013600001otowN,undefined
0013600001otosV,undefined
0013600001otnL1,undefined
0013600001pIleJ,undefined
0013600001otnhV,undefined
0013600001otoqt,undefined
0013600001pIlV2,undefined
0013600001pIkSl,undefined
0013600001pImPa,undefined
0013600001otocf,undefined
0013600001otogI,undefined
0013600001oVtNG,undefined
0013600001otn95,undefined
0013600001otwV2,undefined
0013600001otn5g,undefined
0013600001oFB3K,undefined
0013600001otoZW,undefined
0013600001otohu,undefined
0013600001otolX,undefined
0013600001oVtLZ,undefined
0013600001pIkWn,undefined
0013600001pIkLz,undefined
0013600001pIkcq,undefined
0013600001pIkXH,undefined
0013600001otoUq,undefined
0013600001pIkdy,undefined
0013600001pIkQ1,undefined
0013600001pIkVB,undefined
0013600001otvTU,undefined
0013600001otoy9,undefined
0013600001ovFXK,undefined
0013600001pIlGl,undefined
0013600001otnVv,undefined
0013600001otmVx,undefined
0013600001pIkO0,undefined
0011R00001zBIMV,undefined
0013600001xrUUU,undefined
0013600001qX5Lj,undefined
0013600001pxkja,undefined
0013600001qX5LU,undefined
0013600001qvjkH,undefined
0013600001qXo8F,undefined
0013600001rgLTF,undefined
0013600001qX5JT,undefined
0013600001pxlsa,undefined
0013600001qWDmh,undefined
0013600001qWAc1,undefined
0013600001qWAxn,undefined
0013600001rgJd6,undefined
0013600001qXtcS,undefined
0013600001qXwHW,undefined
0013600001pxkbU,undefined
0013600001pxlqZ,undefined
0013600001rEoJO,undefined
0013600001pyRQk,undefined
0013600001pyTYb,undefined
0013600001qWC8D,undefined
0013600001qWDKE,undefined
0013600001pxkW5,undefined
0013600001qWwCx,undefined
0013600001qXuhM,undefined
0013600001pxkJQ,undefined
0013600001qXkm6,undefined
0013600001pxl0D,undefined
0013600001qWAqI,undefined
0013600001qwZtF,undefined
0013600001qWB6L,undefined
0013600001rrmTl,undefined
0013600001tmRxV,undefined
0013600001s7Ebz,undefined
0013600001rrmV3,undefined
0013600001s7200,undefined
0013600001tv5Zs,undefined
0013600001sq38w,undefined
0013600001s8bY6,undefined
0013600001ur4lN,undefined
0013600001s6rv4,undefined
0013600001uEUZh,undefined
0013600001rretG,undefined
0013600001tmZYp,undefined
0013600001ssJb4,undefined
0013600001seaEq,undefined
0013600001s5aYc,undefined
0013600001s8kzn,undefined
0013600001tJx0v,undefined
0013600001tmMeG,undefined
0013600001rra62,undefined
0013600001s8hUt,undefined
0013600001tmZII,undefined
0013600001usBxV,undefined
0013600001ubuOW,undefined
0013600001uEUU8,undefined
0013600001vEnhE,undefined
0013600001ur5du,undefined
0013600001vf85y,undefined
0013600001vEjp3,undefined
0013600001vEiOz,undefined
0013600001vfDWB,undefined
0013600001vEo1Y,undefined
0013600001ur2kY,undefined
0013600001us2EP,undefined
0013600001vidJK,undefined
0013600001w16Uk,undefined
0011R00001zDfxR,undefined
0013600001ttw6h,undefined
0013600001w0BWI,undefined
0011R000021pMMi,undefined
0011R000021ssDY,undefined
0011R000021srJe,undefined
0013600001w0adE,undefined
0011R00001xtBjz,undefined
0011R000022e5gB,undefined
0011R000022e5k2,undefined
0011R000022e7Sh,undefined
0011R000022e78u,undefined
0011R00002478ht,undefined
0011R000024kuyC,undefined
0013600001nEEaR,undefined
0011R000024n2ak,undefined
0013600001mtyjx,undefined
0013600001w3Rxu,undefined
0013600001xpM0S,undefined
0013600001ng6ay,undefined
0013600001ngfvl,undefined
0013600001ngf0P,undefined
0013600001nhCzY,undefined
0013600001kse7s,undefined
0013600001kse7t,undefined
0013600001kse81,undefined
0013600001kse82,undefined
0013600001kse83,undefined
0013600001kse85,undefined
0013600001kse89,undefined
0013600001kse8B,undefined
0013600001kse8H,undefined
0013600001kse8J,undefined
0013600001kse8T,undefined
0013600001kse8V,undefined
0013600001kse8h,undefined
0013600001kse8x,undefined
0013600001nhBQ6,undefined
0013600001msyMq,undefined
0013600001msyN8,undefined
0013600001msyNC,undefined
0013600001msyNU,undefined
0013600001msyNX,undefined
0013600001msyOa,undefined
0013600001msyP7,undefined
0013600001msyMR,undefined
0013600001msyMU,undefined
0013600001msyMb,undefined
0013600001oVw3d,undefined
0013600001pLzT0,undefined
0013600001pLF1R,undefined
0013600001oULkA,undefined
0013600001oFIkS,undefined
0013600001njTz8,undefined
0013600001oDfdB,undefined
0013600001oDh7X,undefined
0013600001njUT3,undefined
0013600001oVvtx,undefined
0013600001oEUfN,undefined
0013600001oVvif,undefined
0013600001oVwH2,undefined
0013600001oDc2C,undefined
0013600001oEcKP,undefined
0013600001ow5mH,undefined
0013600001njTfh,undefined
0013600001oVvp7,undefined
0013600001oUHR0,undefined
0013600001oES2m,undefined
0013600001oEQXS,undefined
0013600001oFIpw,undefined
0013600001pLDmw,undefined
0013600001oWfEz,undefined
0013600001oDYiE,undefined
0013600001oWeHs,undefined
0013600001pLIVZ,undefined
0013600001ow6EV,undefined
0013600001pLGPe,undefined
0013600001pJf2C,undefined
0013600001oUHMF,undefined
0013600001pKLbn,undefined
0013600001pLGWa,undefined
0013600001pLzQp,undefined
0013600001pLEy3,undefined
0013600001ovLr5,undefined
0013600001oWeFm,undefined
0013600001ow61M,undefined
0013600001ow5wH,undefined
0013600001oWeLV,undefined
0013600001qxgyi,undefined
0013600001rEwPW,undefined
0013600001pxgC3,undefined
0013600001rG1KK,undefined
0013600001qwkFO,undefined
0013600001qX341,undefined
0013600001qX2JM,undefined
0013600001qvddx,undefined
0013600001rgIo2,undefined
0013600001qwmxD,undefined
0013600001rEpyn,undefined
0013600001rEnAa,undefined
0013600001rEt0P,undefined
0013600001rEpYl,undefined
0013600001qX5eR,undefined
0013600001rEpiL,undefined
0013600001s8hLr,undefined
0013600001sgOZI,undefined
0013600001sgODZ,undefined
0013600001sgOdv,undefined
0013600001vFefq,undefined
0013600001w05o7,undefined
0011R00001zF2dj,undefined
0013600001w0F5J,undefined
0013600001w0F8S,undefined
0013600001w0F6q,undefined
0011R000021pLVz,undefined
0011R000021pqXJ,undefined
0011R000022dJHa,undefined
0011R000022dJJH,undefined
0011R000022dJId,undefined
0011R00001zBtoT,undefined
0011R00001zCmXz,undefined
0011R00001zCD3a,undefined
0011R00001zCdyh,undefined
0011R00001zDL4U,undefined
0011R00001zDXvY,undefined
0011R00001zCMvp,undefined
0011R00001zDecA,undefined
0011R00001zDebW,undefined
0011R000024kuMh,undefined
0011R000024kuLz,undefined
0013600001w2S8U,undefined
0011R00001zEqCI,undefined
0013600001w2Q94,undefined
0013600001w2S8A,undefined
0013600001w2S5f,undefined
0013600001w2S7M,undefined
0013600001w2QUm,undefined
0013600001kse8n,undefined
0013600001msyOD,undefined
0013600001msyOE,undefined
0013600001msyOW,undefined
0013600001msyOq,undefined
0013600001msyOr,undefined
0013600001msyOs,undefined
0013600001msyOt,undefined
0013600001msyOu,undefined
0013600001msyP6,undefined
0013600001msyP8,undefined
0013600001w2S9m,undefined
0011R00001zDeCv,undefined
0011R00001zDXPc,undefined
0011R00001zEW7j,undefined
0011R00001zEWC0,undefined
0013600001pKOtQ,undefined
0013600001oFB5L,undefined
0013600001pM5Ku,undefined
0013600001qviNW,undefined
0013600001qvkBc,undefined
0013600001qvkE7,undefined
0013600001qvdel,undefined
0013600001qZnef,undefined
0013600001qvk89,undefined
0013600001qvk9b,undefined
0013600001qXvqV,undefined
0013600001soonQ,undefined
0013600001rrmQX,undefined
0013600001twuXw,undefined
0013600001ur9AU,undefined
0013600001urAR2,undefined
0013600001us7j1,undefined
0013600001uDQjD,undefined
0013600001utsFp,undefined
0013600001ut4G8,undefined
0013600001twufC,undefined
0013600001tmdO1,undefined
0013600001rrm8W,undefined
0013600001sonMe,undefined
0013600001utsCb,undefined
0013600001uu0cx,undefined
0013600001uts8i,undefined
0013600001urwIo,undefined
0013600001us7kE,undefined
0013600001us7di,undefined
0013600001vDsSm,undefined
0013600001uDQfV,undefined
0013600001vEjyw,undefined
0013600001urwL9,undefined
0013600001uqyXL,undefined
0013600001vEk1b,undefined
0013600001vEk2F,undefined
0013600001us7iI,undefined
0013600001vDsTk,undefined
0013600001us7bw,undefined
0013600001ut48A,undefined
0013600001vEdQk,undefined
0013600001vEjxt,undefined
0013600001ut3cu,undefined
0013600001vEk12,undefined
0013600001us7gl,undefined
0013600001vEjxZ,undefined
0013600001vEdN2,undefined
0013600001utrtd,undefined
0013600001urwMq,undefined
0013600001ur0Pi,undefined
0013600001twuH6,undefined
0013600001w148G,undefined
0013600001w13Yb,undefined
0013600001w14ku,undefined
0013600001w14jS,undefined
0013600001w13P6,undefined
0013600001w13ey,undefined
0013600001w145g,undefined
0011R000024mYca,undefined
0011R000024mYkG,undefined
0011R000024mYe9,undefined
0011R000024mYhd,undefined
0011R000024mYfC,undefined
0011R000024mYjG,undefined
0013600001w2MkJ,undefined
0013600001w2wum,undefined
0013600001ng45A,undefined
0013600001nhmRP,undefined
0013600001nfxJI,undefined
0013600001nhmdG,undefined
0013600001nhmip,undefined
0013600001ng43E,undefined
0013600001nhmJu,undefined
0013600001ng48O,undefined
0013600001nhmUT,undefined
0013600001nhmlF,undefined
0013600001nhn7a,undefined
0013600001ng471,undefined
0013600001nhmNm,undefined
0013600001nhmTL,undefined
0013600001nhpcW,undefined
0013600001nfxbb,undefined
0013600001nfvyd,undefined
0013600001nfxOr,undefined
0013600001nhmXN,undefined
0013600001nhmVq,undefined
0013600001ng48i,undefined
0013600001nfyVv,undefined
0013600001nhmes,undefined
0013600001nhqNN,undefined
0013600001nfxWH,undefined
0013600001kse7Z,undefined
0013600001kse7a,undefined
0013600001kse7b,undefined
0013600001kse7c,undefined
0013600001kse7d,undefined
0013600001kse7e,undefined
0013600001kse7f,undefined
0013600001kse7g,undefined
0013600001kse7h,undefined
0013600001kse7i,undefined
0013600001kse8A,undefined
0013600001kse8O,undefined
0013600001kse8c,undefined
0013600001ng2tN,undefined
0013600001nhHbz,undefined
0013600001nhmQ7,undefined
0013600001nhmgP,undefined
0013600001nhmkH,undefined
0013600001msyNF,undefined
0013600001msyNG,undefined
0013600001msyNH,undefined
0013600001msyNJ,undefined
0013600001ng44b,undefined
0013600001msyNK,undefined
0013600001msyNL,undefined
0013600001msyNM,undefined
0013600001msyNN,undefined
0013600001msyNO,undefined
0013600001msyNP,undefined
0013600001msyNQ,undefined
0013600001msyNR,undefined
0013600001msyNS,undefined
0013600001msyNV,undefined
0013600001msyNa,undefined
0013600001msyNb,undefined
0013600001msyNc,undefined
0013600001msyNe,undefined
0013600001nfxCl,undefined
0013600001nfxF6,undefined
0013600001msyNf,undefined
0013600001msyNg,undefined
0013600001msyNh,undefined
0013600001msyNi,undefined
0013600001msyNj,undefined
0013600001msyNk,undefined
0013600001msyNl,undefined
0013600001msyNm,undefined
0013600001msyNu,undefined
0013600001msyNx,undefined
0013600001nhEHd,undefined
0013600001msyMG,undefined
0013600001msyMH,undefined
0013600001msyMI,undefined
0013600001ng4AK,undefined
0013600001xq79O,undefined
0013600001ovFZk,undefined
0013600001njSav,undefined
0013600001pvNo3,undefined
0013600001otoZR,undefined
0013600001ots3O,undefined
0013600001njSfv,undefined
0013600001njSsG,undefined
0013600001njSvP,undefined
0013600001oES6U,undefined
0013600001ow19q,undefined
0013600001oEWJY,undefined
0013600001oEWBo,undefined
0013600001ovCGj,undefined
0013600001oEXnP,undefined
0013600001njTOH,undefined
0013600001njTQm,undefined
0013600001ow0zM,undefined
0013600001ovE3X,undefined
0013600001pvNpa,undefined
0013600001pvMya,undefined
0013600001pJf5e,undefined
0013600001ovFlW,undefined
0013600001ottfQ,undefined
0013600001ovDOP,undefined
0013600001pM3iu,undefined
0013600001ovFPG,undefined
0013600001pvNlO,undefined
0013600001otomz,undefined
0013600001pvcPJ,undefined
0013600001pIjPX,undefined
0013600001ovDde,undefined
0013600001ots7a,undefined
0013600001ovDWT,undefined
0013600001pIjgx,undefined
0013600001pvNrM,undefined
0013600001xql09,undefined
0013600001qyeHh,undefined
0013600001pxczu,undefined
0013600001rG5PI,undefined
0013600001qvjRj,undefined
0013600001pxdN3,undefined
0013600001rG5JU,undefined
0013600001ubtrw,undefined
0013600001urCKu,undefined
0013600001urBry,undefined
0013600001tL7Gh,undefined
0013600001urwok,undefined
0013600001tmOt2,undefined
0013600001ur90Y,undefined
0013600001tLyBX,undefined
0013600001tMEXL,undefined
0013600001tmKTQ,undefined
0013600001tw6sk,undefined
0013600001s8Uo1,undefined
0013600001urztw,undefined
0013600001urxSe,undefined
0013600001urxrk,undefined
0013600001uc1Cd,undefined
0013600001ur7Ye,undefined
0013600001vDuyp,undefined
0013600001vDv1Z,undefined
0013600001vBeyY,undefined
0011R00001zF2Jq,undefined
0011R00001zEt3s,undefined
0011R000021pMJU,undefined
0011R000021poXs,undefined
0011R000021poVv,undefined
0011R000021sbKW,undefined
0011R000022dKvF,undefined
0011R000021r8mj,undefined
0011R00001zBKAz,undefined
0011R00001zC4bC,undefined
0011R000022duFR,undefined
0011R000021rAYK,undefined
0013600001xr1Um,undefined
0011R00001zBimE,undefined
0011R00001zC4Q6,undefined
0011R00001zC4IW,undefined
0011R00001zCmXu,undefined
0011R00001zC548,undefined
0011R00001zEdtt,undefined
0011R00001zEf5T,undefined
0011R00001zC4DZ,undefined
0011R00001zDJKw,undefined
0011R00001zCuY0,undefined
0011R00001zDMfy,undefined
0011R00001zCcAV,undefined
0011R00001zCca2,undefined
0011R00001zCtLY,undefined
0011R00001zCEaV,undefined
0011R00001zDWpA,undefined
0011R00001zCTOF,undefined
0011R00001zCMjs,undefined
0011R00001zCuRE,undefined
0011R000024jwIM,undefined
0013600001xr4b7,undefined
0011R000024mnea,undefined
0011R000024mpN2,undefined
0011R000024n0oa,undefined
0011R000024n0l6,undefined
0011R000024n1tV,undefined
0011R000024n0oG,undefined
0011R000024n1t2,undefined
0011R000024n0sm,undefined
0011R000024n1ro,undefined
0011R000024n0tc,undefined
0011R000024n0v4,undefined
0011R000024n1sX,undefined
0011R000025h8A6,undefined
0011R000025h8Hx,undefined
0011R000025iCr7,undefined
0013600001xrY0O,undefined
0013600001nhjxq,undefined
0013600001kse8M,undefined
0013600001kse8f,undefined
0013600001msyMn,undefined
0013600001msyN3,undefined
0013600001msyN6,undefined
0013600001msyN7,undefined
0013600001msyN9,undefined
0013600001msyNA,undefined
0013600001msyNZ,undefined
0013600001msyOw,undefined
0013600001msyPA,undefined
0013600001msyPB,undefined
0013600001msyPL,undefined
0013600001msyPM,undefined
0013600001xrpZX,undefined
0011R00001xt2mx,undefined
0011R00001zDJjQ,undefined
0011R00001zDeGE,undefined
0011R00001zEdc1,undefined
0013600001otwWj,undefined
0013600001pvZZk,undefined
0011R00001zEts8,undefined
0013600001pxKeb,undefined
0011R00001zCMId,undefined
0011R00001xt4nu,undefined
0013600001xrv3h,undefined
0011R00001xtKOc,undefined
0013600001qZgwa,undefined
0013600001qXozY,undefined
0013600001qXp8k,undefined
0013600001qZmbF,undefined
0013600001xsHtj,undefined
0013600001tnPWQ,undefined
0013600001vEk09,undefined
0013600001ur53N,undefined
0013600001viYYO,undefined
0013600001viYOJ,undefined
0013600001viYRm,undefined
0013600001viYQt,undefined
0013600001viYXL,undefined
0011R000021r8jD,undefined
0013600001w0HyK,undefined
0011R00001zEpkZ,undefined
0011R00001zEprH,undefined
0011R00001zEpvO,undefined
0011R0000246f0V,undefined
0011R00001xtBhj,undefined
0011R00001xtBgH,undefined
0011R00001zBqH6,undefined
0011R00001zBqHz,undefined
0011R00001zBqHV,undefined
0011R0000246esC,undefined
0011R0000246f27,undefined
0011R00001zCTvq,undefined
0011R00001zCNF5,undefined
0011R000024k5fb,undefined
0011R000024k5gj,undefined
0011R000024lMKO,undefined
0011R000024lM9B,undefined
0011R000024lMNR,undefined
0011R000024lMPY,undefined
0013600001w2aWb,undefined
0011R000024mZ7v,undefined
0011R000024mqGu,undefined
0011R000024mcHF,undefined
0011R000024mnoi,undefined
0011R000024mpHv,undefined
0011R000024mZqF,undefined
0011R000024mLWS,undefined
0011R000024mZJe,undefined
0011R000024mZPu,undefined
0011R000024mZHs,undefined
0011R000024mZNU,undefined
0011R000024mcBv,undefined
0011R000024mc5Y,undefined
0011R000024mcG1,undefined
0011R000024mZKh,undefined
0011R000024maZK,undefined
0011R000024mmMn,undefined
0011R000024mZWY,undefined
0011R000024mpZ8,undefined
0011R000024mpaZ,undefined
0011R000024maWh,undefined
0011R000024mZYF,undefined
0011R000024mmBY,undefined
0011R000024mmO3,undefined
0011R000024mnmi,undefined
0011R000024mmAV,undefined
0011R000024mnRv,undefined
0011R000024mnUY,undefined
0011R000024mnYc,undefined
0011R000024mpHg,undefined
0011R000024maZl,undefined
0011R000024mZUy,undefined
0011R000024mqFD,undefined
0011R000024mnna,undefined
0011R000024mcJg,undefined
0011R000024mcEU,undefined
0011R000024mpHM,undefined
0011R000024mZuI,undefined
0011R000024mZMg,undefined
0011R000024mZUA,undefined
0011R000024mm9w,undefined
0011R000024mpH2,undefined
0011R000024n1QT,undefined
0011R000024n1Pe,undefined
0011R000024n0dv,undefined
0011R000024n1HE,undefined
0011R000024n0bk,undefined
0011R000024n1IR,undefined
0011R000024n28w,undefined
0011R000024n26x,undefined
0011R000024n0Xj,undefined
0011R000024n0aG,undefined
0011R000025hlJd,undefined
0011R000025hp5w,undefined
0011R000025iClQ,undefined
0013600001w2aR7,undefined
0013600001w2afI,undefined
0013600001w2aTm,undefined
0013600001w2eG3,undefined
0013600001w2eCf,undefined
0013600001w2e76,undefined
0013600001w2ahk,undefined
0013600001w2eJ6,undefined
0011R00001zBqGh,undefined
0013600001xsBV3,undefined
0011R00001xtBlo,undefined
0011R00001xtBcu,undefined
0011R00001zDIqg,undefined
0011R00001zEphp,undefined
0013600001pvbcC,undefined
0013600001pvMYr,undefined
0013600001pLJ8I,undefined
0011R00001xtBi3,undefined
0011R00001xtBeb,undefined
0011R00001xtBgl,undefined
0013600001qwhgC,undefined
0011R00001xtBdT,undefined
0013600001usBbV,undefined
0013600001urvzX,undefined
0013600001usC6w,undefined
0013600001ur5np,undefined
0013600001us5tb,undefined
0013600001ur5NI,undefined
0013600001vEdec,undefined
0013600001ur5Vv,undefined
0013600001vDt4i,undefined
0013600001urvlp,undefined
0013600001urBnX,undefined
0013600001urBvf,undefined
0013600001vEd9n,undefined
0013600001ur7Ll,undefined
0013600001xqypT,undefined
0013600001w0DOV,undefined
0013600001w0cSD,undefined
0013600001w0r7S,undefined
0011R00001zC44h,undefined
0011R00001zC45G,undefined
0011R00001xtO3M,undefined
0011R00001zC405,undefined
0011R00001xtOD8,undefined
0013600001w0Ejv,undefined
0013600001w0rBU,undefined
0011R00001zBQrO,undefined
0011R00001zBQpw,undefined
0013600001w0rKl,undefined
0013600001w0w8C,undefined
0013600001w0r4Y,undefined
0013600001w0t3y,undefined
0013600001w0wCy,undefined
0011R00001zBQo7,undefined
0011R00001zBQqk,undefined
0011R000021scSk,undefined
0011R000021scT9,undefined
0011R000021scMc,undefined
0011R000021scPc,undefined
0013600001w0wHo,undefined
0013600001w0wNw,undefined
0011R00001zBQqV,undefined
0011R00001zBQqp,undefined
0011R00001xtO8l,undefined
0011R00001xtOIt,undefined
0011R00001xtO7s,undefined
0011R00001xtOAE,undefined
0011R00001zC418,undefined
0011R00001zC42g,undefined
0011R00001xtO79,undefined
0011R00001xtOIA,undefined
0011R00001zC42C,undefined
0011R00001zBhZe,undefined
0013600001xqynN,undefined
0011R00001zBQpX,undefined
0011R00001zBQoo,undefined
0011R00001zBQpI,undefined
0013600001xqy7D,undefined
0013600001xqyqC,undefined
0011R00001xtOKG,undefined
0011R00001xt5Mh,undefined
0011R00001zC456,undefined
0011R00001zC40j,undefined
0011R00001zC44S,undefined
0011R00001zC45u,undefined
0011R00001zC435,undefined
0011R00001zC44I,undefined
0011R00001zC43o,undefined
0011R00001zEfbS,undefined
0011R00001zC45a,undefined
0011R00001zEfeR,undefined
0011R00001zEfZR,undefined
0011R00001zEfOh,undefined
0011R00001zEfd9,undefined
0011R00001zEfca,undefined
0011R00001zEfe2,undefined
0011R00001zEfPQ,undefined
0013600001w33ws,undefined
0013600001w3414,undefined
0013600001xqyMt,undefined
0013600001xqySO,undefined
0013600001xqyeo,undefined
0013600001xqyuE,undefined
0013600001xqyci,undefined
0013600001xqy1Z,undefined
0013600001xqysI,undefined
0013600001xqyJG,undefined
0013600001xqyVm,undefined
0013600001xqyZo,undefined
0013600001xqylb,undefined
0013600001xqyj6,undefined
0013600001w2dvG,undefined
0013600001w2PV2,undefined
0013600001w2e3j,undefined
0013600001w33c1,undefined
0013600001w337R,undefined
0013600001w33Xa,undefined
0013600001w343P,undefined
0013600001w33W3,undefined
0013600001w2e0Q,undefined
0013600001w31I4,undefined
0013600001w32wJ,undefined
0013600001w33BA,undefined
0013600001xq5Y5,undefined
0013600001xpoB0,undefined
0013600001xpo6y,undefined
0013600001xpoE0,undefined
0013600001w2dxH,undefined
0013600001w2PP6,undefined
0013600001w33MI,undefined
0013600001w33fu,undefined
0013600001xq5x1,undefined
0013600001w33ZM,undefined
0013600001w345Q,undefined
0013600001xpoHE,undefined
0013600001w33uD,undefined
0013600001w33zD,undefined
0013600001xpoGL,undefined
0013600001xqer3,undefined
0013600001xqfJ7,undefined
0013600001xqfzH,undefined
0013600001xqfQm,undefined
0013600001xqI8e,undefined
0013600001xqjCk,undefined
0013600001xqnTj,undefined
0013600001xqjUu,undefined
0013600001xqkgJ,undefined
0013600001xqnN7,undefined
0013600001xqfsF,undefined
0013600001xrWMw,undefined
0013600001xqeiT,undefined
0013600001xqjFA,undefined
0013600001xq4Jw,undefined
0013600001xqjRq,undefined
0013600001xqnQB,undefined
0013600001xqjbW,undefined
0013600001xq4Vs,undefined
0013600001xq5lY,undefined
0013600001xqkq4,undefined
0013600001xqfaJ,undefined
0013600001xqfgX,undefined
0013600001xqjq3,undefined
0013600001xqkb9,undefined
0013600001xqmrK,undefined
0013600001xqn2c,undefined
0013600001xqipf,undefined
0013600001xqnZq,undefined
0013600001xq5PN,undefined
0013600001xqnBU,undefined
0013600001xqjxi,undefined
0013600001xqjMW,undefined
0013600001xqkde,undefined
0013600001xqj3i,undefined
0013600001xqmz9,undefined
0013600001xqmvM,undefined
0013600001xqiuB,undefined
0013600001xqkNR,undefined
0013600001xqkiF,undefined
0013600001xqkmW,undefined
0013600001xrn5J,undefined
0013600001xqj0d,undefined
0013600001xqk1k,undefined
0011R00001zC413,undefined
0011R00001xt4tJ,undefined
0011R00001xt5OO,undefined
0011R00001zEfXp,undefined
0011R00001zEfQ9,undefined
0011R00001zEfaj,undefined
0011R00001zEfR7,undefined
0011R00001zEfNc,undefined
0011R00001zEfbr,undefined
0013600001njUvb,undefined
0013600001njVCy,undefined
0013600001njVMe,undefined
0013600001njTYR,undefined
0013600001njVHy,undefined
0013600001njVHF,undefined
0013600001njV2w,undefined
0013600001njUoB,undefined
0013600001njV4s,undefined
0013600001njUrZ,undefined
0013600001njVGM,undefined
0013600001njV8p,undefined
0013600001njV86,undefined
0013600001njVAW,undefined
0013600001njV28,undefined
0013600001njUsw,undefined
0013600001njV0M,undefined
0013600001njV5g,undefined
0013600001njUxr,undefined
0013600001njV1P,undefined
0013600001njUk4,undefined
0013600001njVBe,undefined
0013600001xqfOC,undefined
0013600001xqfUZ,undefined
0013600001xrpNR,undefined
0011R00001xt5Qe,undefined
0013600001xqjlN,undefined
0013600001xqfDS,undefined
0013600001xqnS2,undefined
0013600001xqksj,undefined
0011R00001xt5TU,undefined
0011R00001xt5Tj,undefined
0013600001xqHex,undefined
0013600001xqk4y,undefined
0011R00001xtO0c,undefined
0011R00001xtOEp,undefined
0011R00001xt5Um,undefined
0013600001xqnFR,undefined
0013600001xqkXu,undefined
0011R00001xt5Uc,undefined
0011R00001xt5RD,undefined
0011R00001xt5N6,undefined
0011R00001xtOBR,undefined
0011R00001xtOLa,undefined
0011R00001xt5T0,undefined
0013600001pyUtN,undefined
0011R00001xt5Oi,undefined
0011R00001xt5Qt,undefined
0011R00001xt5Q0,undefined
0011R00001xt5R8,undefined
0011R00001xt5UN,undefined
0013600001s6zpj,undefined
0013600001sq9IK,undefined
0013600001tMDlV,undefined
0013600001rrh1h,undefined
0013600001srIDF,undefined
0013600001tmQdR,undefined
0013600001rrh50,undefined
0013600001sqAN1,undefined
0013600001sq7a5,undefined
0013600001tL8Uc,undefined
0013600001tvxzp,undefined
0013600001rrh4W,undefined
0013600001uDMI6,undefined
0013600001tMDjA,undefined
0013600001spyax,undefined
0013600001usBlT,undefined
0013600001sq9Ku,undefined
0013600001spy3F,undefined
0013600001ssPjD,undefined
0013600001sqAUV,undefined
0013600001srIFN,undefined
0013600001tmS18,undefined
0013600001uDMKM,undefined
0013600001vDspn,undefined
0013600001vgrt3,undefined
0013600001vgq1M,undefined
0013600001vf86D,undefined
0013600001vg5sS,undefined
0013600001viVhY,undefined
0013600001viWv4,undefined
0013600001vibeo,undefined
0013600001txlol,undefined
0011R00001zEppL,undefined
0011R00001zEpqO,undefined
0013600001w08j4,undefined
0013600001w08rU,undefined
0013600001w08zZ,undefined
0013600001w093l,undefined
0013600001w08fC,undefined
0013600001w0qtm,undefined
0013600001w0qSl,undefined
0011R000021srMV,undefined
0011R000021srO9,undefined
0013600001w0qc7,undefined
0011R000022e4ve,undefined
0013600001xsVSC,undefined
0013600001xsVTj,undefined
0011R00001zDJvE,undefined
0011R00001zDJyN,undefined
0011R00001zEeKa,undefined
0011R00001zEfgI,undefined
0011R00001zDJqf,undefined
0011R00001zEfeq,undefined
0011R000024lMyM,undefined
0013600001xroMT,undefined
0013600001xsTor,undefined
0013600001xsVJT,undefined
0011R000024lYBH,undefined
0011R000024mYRO,undefined
0011R000024mKmy,undefined
0011R000024mYQt,undefined
0011R000024mmOX,undefined
0011R000024mYP2,undefined
0011R000024mYOG,undefined
0011R000024mmNo,undefined
0011R000024mYMg,undefined
0011R000024mmMY,undefined
0013600001xsVPw,undefined
0013600001xr25T,undefined
0013600001xsVdt,undefined
0013600001xsVfQ,undefined
0013600001xsWVL,undefined
0013600001xs05E,undefined
0013600001xrnHT,undefined
0013600001xr7Rh,undefined
0013600001w2vkZ,undefined
0013600001w2yPb,undefined
0013600001w2xjf,undefined
0013600001w2vha,undefined
0013600001w30JQ,undefined
0013600001w3088,undefined
0013600001xpoHi,undefined
0013600001w3RtT,undefined
0013600001xpMDq,undefined
0013600001xpM7x,undefined
0013600001xpMA8,undefined
0013600001xpohg,undefined
0013600001xpMFw,undefined
0013600001xpoQB,undefined
0013600001xpxff,undefined
0013600001nDa84,undefined
0013600001msyMr,undefined
0013600001msyNn,undefined
0013600001msyOv,undefined
0013600001msyMY,undefined
0013600001w2vb2,undefined
0013600001w2yAV,undefined
0013600001xpoRd,undefined
0013600001xpM0I,undefined
0013600001xpLuK,undefined
0013600001xpn9F,undefined
0013600001xpoJU,undefined
0013600001xpnJU,undefined
0013600001xrzyT,undefined
0013600001xpoap,undefined
0013600001xpo6P,undefined
0013600001xpo86,undefined
0013600001xpxdK,undefined
0013600001xpxeS,undefined
0013600001xs0Wj,undefined
0013600001xsVE9,undefined
0013600001xsVBK,undefined
0013600001xsVFl,undefined
0011R00001xt2wW,undefined
0011R00001xt3an,undefined
0011R00001zDJzB,undefined
0011R00001zDJsv,undefined
0011R00001zDJri,undefined
0011R00001zDJtK,undefined
0011R00001zDJww,undefined
0011R00001zEfJ1,undefined
0011R00001zEfMA,undefined
0011R00001zEfN8,undefined
0011R00001zDJte,undefined
0011R00001zDJxF,undefined
0011R00001zEfLW,undefined
0013600001oYAWK,undefined
0013600001oYAM0,undefined
0013600001oWedF,undefined
0013600001oYBLc,undefined
0013600001oYBSx,undefined
0013600001oWea6,undefined
0013600001oYBUK,undefined
0013600001xpoNW,undefined
0013600001xpoeX,undefined
0011R00001zD3vD,undefined
0013600001xrznV,undefined
0013600001xrnMJ,undefined
0013600001xsVH8,undefined
0011R00001xt3cU,undefined
0013600001qWDQg,undefined
0013600001qydfs,undefined
0013600001qZfEO,undefined
0013600001qydWR,undefined
0013600001qydgb,undefined
0013600001rDf7v,undefined
0013600001qydiI,undefined
0013600001qyYmR,undefined
0013600001rFslP,undefined
0013600001qX0FA,undefined
0013600001qWDhm,undefined
0013600001qydcZ,undefined
0013600001qydek,undefined
0013600001rhZF9,undefined
0013600001qyYew,undefined
0013600001xsVZD,undefined
0011R00001xt3eg,undefined
0013600001uasuh,undefined
0013600001uEVO8,undefined
0013600001uDTqI,undefined
0013600001vDum4,undefined
0013600001ut3rt,undefined
0013600001urCsO,undefined
0013600001uanpR,undefined
0013600001nEkjF,undefined
0011R000024lkeO,undefined
0013600001uadkl,undefined
0013600001nEnJM,undefined
0013600001nEmKq,undefined
0013600001nEnCO,undefined
0013600001nEkaX,undefined
0013600001nEknb,undefined
0013600001nEmOd,undefined
0013600001kse7o,undefined
0013600001kse87,undefined
0013600001kse8t,undefined
0013600001nEnP0,undefined
0013600001nEmEO,undefined
0013600001msyMj,undefined
0013600001msyNt,undefined
0013600001oWclC,undefined
0013600001oWciD,undefined
0013600001oWcnI,undefined
0013600001pLD2F,undefined
0013600001pLCyI,undefined
0013600001oWcpY,undefined
0013600001sqAYm,undefined
0013600001tmLH8,undefined
0013600001tME5A,undefined
0013600001txsOK,undefined
0013600001tmLKv,undefined
0013600001uEOEH,undefined
0013600001uEVWq,undefined
0013600001tMDqc,undefined
0013600001us7bS,undefined
0013600001uEUz0,undefined
0013600001tL8PW,undefined
0013600001tmLKl,undefined
0013600001uETLa,undefined
0013600001ubqO0,undefined
0013600001us7kd,undefined
0013600001vEV6p,undefined
0013600001vEeDq,undefined
0013600001w07ok,undefined
0013600001uEVTh,undefined
0011R00001zBikS,undefined
0013600001vid9j,undefined
0013600001w07u9,undefined
0013600001w0IDJ,undefined
0013600001w0DLl,undefined
0013600001w0Ya9,undefined
0013600001w0DP0,undefined
0013600001w14xa,undefined
0013600001w2dgT,undefined
0013600001w3I2j,undefined
0013600001w3Hp2,undefined
0013600001w3HtS,undefined
0013600001w3LrF,undefined
0013600001w2dEl,undefined
0013600001w3HAV,undefined
0013600001w3M31,undefined
0013600001w3cCM,undefined
0013600001xpJR7,undefined
0013600001xpJYT,undefined
0013600001xpJzt,undefined
0013600001w3L42,undefined
0013600001w3cIt,undefined
0013600001w3HPr,undefined
0013600001w3M78,undefined
0013600001xq7Oi,undefined
0013600001w3LpO,undefined
0013600001w3KoD,undefined
0013600001xpLUO,undefined
0013600001xpJmz,undefined
0013600001xpo15,undefined
0013600001kse84,undefined
0013600001msyMy,undefined
0013600001msyMz,undefined
0013600001msyN0,undefined
0013600001msyN1,undefined
0013600001msyN2,undefined
0013600001msyOH,undefined
0013600001msyML,undefined
0013600001msyMS,undefined
0013600001msyMW,undefined
0013600001w2RQV,undefined
0013600001w3Gyy,undefined
0013600001w3MB0,undefined
0013600001w3OFI,undefined
0013600001xpJgc,undefined
0013600001w3MK2,undefined
0013600001w3cHC,undefined
0013600001xpJO3,undefined
0013600001xpJru,undefined
0013600001xpK5S,undefined
0013600001xqeXs,undefined
0013600001xqewb,undefined
0013600001xpKtc,undefined
0013600001xqeNV,undefined
0013600001xpLzP,undefined
0013600001xplwQ,undefined
0013600001xqlAn,undefined
0013600001xqkjS,undefined
0013600001xqk9U,undefined
0013600001xqeJi,undefined
0013600001xqfTH,undefined
0013600001xqeGA,undefined
0013600001xpKbn,undefined
0013600001xqk1Q,undefined
0013600001xqfQh,undefined
0013600001xql5n,undefined
0013600001xq6tk,undefined
0013600001xq79E,undefined
0013600001pLAgg,undefined
0013600001pLB0b,undefined
0013600001njUBE,undefined
0013600001pKVPI,undefined
0013600001oEVyk,undefined
0013600001pLFOQ,undefined
0013600001oWd2X,undefined
0013600001oGuTW,undefined
0013600001oGu2a,undefined
0013600001oGuWV,undefined
0013600001oUHrD,undefined
0013600001oEVbH,undefined
0013600001oVtMm,undefined
0013600001pKVKS,undefined
0013600001pL6kp,undefined
0013600001oFB6J,undefined
0013600001pL7Jd,undefined
0013600001pL8ZY,undefined
0013600001pLAyG,undefined
0013600001pLBQy,undefined
0013600001oDc2q,undefined
0013600001pKV3o,undefined
0013600001pLF6W,undefined
0013600001oVtQ5,undefined
0013600001pLBLt,undefined
0013600001pLEzz,undefined
0013600001pKUyF,undefined
0013600001pKV5Q,undefined
0013600001pKVS2,undefined
0013600001oVtOE,undefined
0013600001pM60W,undefined
0013600001pL7vS,undefined
0013600001pL8PT,undefined
0013600001oWXlk,undefined
0013600001pKVOZ,undefined
0013600001pLBWw,undefined
0013600001pLAd8,undefined
0013600001pLAQx,undefined
0013600001pLG6k,undefined
0013600001pLEO2,undefined
0013600001pLB3G,undefined
0013600001pLEbn,undefined
0013600001pLF96,undefined
0013600001pLAY8,undefined
0013600001oGuH1,undefined
0013600001pLAWR,undefined
0013600001pLAjQ,undefined
0013600001pL9D4,undefined
0013600001pLGAm,undefined
0013600001pLBjg,undefined
0013600001pL8dz,undefined
0013600001oVtPM,undefined
0013600001pKUhE,undefined
0013600001pLIkf,undefined
0013600001pLF4G,undefined
0013600001pLBcu,undefined
0013600001pL9Jq,undefined
0013600001pKUmY,undefined
0013600001pLBUW,undefined
0013600001oWd1j,undefined
0013600001pLG29,undefined
0013600001pLBrG,undefined
0013600001pLBu0,undefined
0013600001xqeQ4,undefined
0013600001xqkqT,undefined
0013600001xqkEU,undefined
0013600001xqeqZ,undefined
0013600001xqfYw,undefined
0013600001xqegr,undefined
0013600001xqlUm,undefined
0013600001xqkiU,undefined
0013600001xqJOk,undefined
0013600001xrzuC,undefined
0013600001rEwrB,undefined
0013600001rEwsT,undefined
0013600001qXl2i,undefined
0013600001qwnKx,undefined
0013600001qX5NQ,undefined
0013600001rEwuj,undefined
0013600001qX3Rp,undefined
0013600001qvf1H,undefined
0013600001pxS4P,undefined
0013600001qXkVQ,undefined
0013600001qXkaZ,undefined
0013600001rFsI8,undefined
0013600001rEwtH,undefined
0013600001rEwqN,undefined
0011R00001xt4cu,undefined
0013600001twzPe,undefined
0013600001tmKFG,undefined
0013600001tx2RC,undefined
0013600001tmK3e,undefined
0013600001uDTaG,undefined
0013600001tmJ8d,undefined
0013600001tmKqs,undefined
0013600001twzH6,undefined
0013600001tnQfz,undefined
0013600001twyqq,undefined
0013600001tmKMw,undefined
0013600001uEPW5,undefined
0013600001twyaD,undefined
0013600001tmJO7,undefined
0013600001tx1hJ,undefined
0013600001tmJDd,undefined
0013600001twyTv,undefined
0013600001tx0AR,undefined
0013600001twzXi,undefined
0013600001tv1TL,undefined
0013600001uDTbd,undefined
0013600001tvCRA,undefined
0013600001uEP12,undefined
0013600001uDRqM,undefined
0013600001tv1Im,undefined
0013600001tvCVM,undefined
0013600001twynS,undefined
0013600001tx08G,undefined
0013600001tmZhs,undefined
0013600001tx0Bg,undefined
0013600001tx2A1,undefined
0013600001tmKkX,undefined
0013600001tx2mP,undefined
0013600001twzaO,undefined
0013600001twyLh,undefined
0013600001tvDSJ,undefined
0013600001twzS9,undefined
0013600001uDTVp,undefined
0013600001uEPTf,undefined
0013600001tmKmx,undefined
0013600001tv8To,undefined
0013600001tx09O,undefined
0013600001uDRrU,undefined
0013600001tmKKu,undefined
0013600001twzNi,undefined
0013600001tx2yQ,undefined
0013600001uDRsS,undefined
0013600001uEPBv,undefined
0013600001twyiq,undefined
0013600001tx078,undefined
0013600001tx2uE,undefined
0013600001tmJK0,undefined
0013600001tmKWG,undefined
0013600001tvCPs,undefined
0013600001tvDRL,undefined
0013600001twz02,undefined
0013600001twzQX,undefined
0013600001tmKZA,undefined
0013600001tvCND,undefined
0013600001tmKRF,undefined
0013600001tx1sW,undefined
0013600001tx2qW,undefined
0013600001tmL4b,undefined
0013600001tmQet,undefined
0013600001tmKfX,undefined
0013600001tmY1q,undefined
0013600001tmKuH,undefined
0013600001uEPfW,undefined
0013600001tx2bv,undefined
0013600001tmL0A,undefined
0013600001us4QU,undefined
0013600001uEPik,undefined
0013600001uEQY7,undefined
0013600001uEQmQ,undefined
0013600001uEPAJ,undefined
0013600001uEPal,undefined
0013600001uEOxO,undefined
0013600001vDsEm,undefined
0013600001uttYA,undefined
0013600001vDsHq,undefined
0013600001vDsLO,undefined
0013600001us4Pl,undefined
0013600001urznW,undefined
0013600001vDsJr,undefined
0013600001vDs8e,undefined
0013600001vgCAJ,undefined
0013600001vDsCC,undefined
0013600001us003,undefined
0013600001vihST,undefined
0013600001vihU0,undefined
0013600001vibvf,undefined
0013600001vibx7,undefined
0013600001w0bSR,undefined
0013600001w0bYP,undefined
0011R00001zErnU,undefined
0011R00001zErno,undefined
0011R00001zEror,undefined
0011R00001zEqW3,undefined
0013600001uDTU3,undefined
0013600001twyfN,undefined
0013600001uEQhi,undefined
0011R00001zErWb,undefined
0013600001tu2aq,undefined
0013600001vihVh,undefined
0013600001w0bMx,undefined
0013600001w0cPd,undefined
0013600001w0bIy,undefined
0013600001w0qWs,undefined
0013600001w15H4,undefined
0013600001w0bVQ,undefined
0011R000022dthM,undefined
0011R000022dtiI,undefined
0011R000022dtdt,undefined
0011R000022dtcE,undefined
0011R000022dtdP,undefined
0011R000022dtef,undefined
0011R000022dtbc,undefined
0011R0000244vWg,undefined
0013600001xr7JJ,undefined
0013600001w26Yk,undefined
0013600001w26eL,undefined
0013600001w2Paq,undefined
0013600001w2PV7,undefined
0011R00001zD6GW,undefined
0011R00001zD66l,undefined
0011R00001zD6P4,undefined
0011R00001zD6Dw,undefined
0011R00001zD6ID,undefined
0011R00001zD6V2,undefined
0011R00001zD6FE,undefined
0011R00001zD6OG,undefined
0011R00001zD6WA,undefined
0011R000024jvCV,undefined
0013600001w2MU4,undefined
0013600001w2cSO,undefined
0013600001xr7GA,undefined
0013600001xr6mm,undefined
0013600001xr7N1,undefined
0013600001xr6eT,undefined
0013600001xr4wC,undefined
0013600001xr6pC,undefined
0013600001xr783,undefined
0013600001w23wT,undefined
0013600001xr7LU,undefined
0013600001w23h6,undefined
0013600001w248X,undefined
0013600001w23IV,undefined
0013600001tx0Nm,undefined
0013600001tx0Oz,undefined
0013600001tx0QM,undefined
0011R00001zErs0,undefined
0011R00001zEroD,undefined
0011R00001zEqS1,undefined
0011R00001zEqTT,undefined
0011R00001zEqWN,undefined
0011R00001zErXF,undefined
0011R00001zEpup,undefined
0011R00001zEpwM,undefined
0011R00001zErVi,undefined
0011R00001zEpy3,undefined
0011R00001zEpzG,undefined
0011R00001zErUB,undefined
0011R00001zEqca,undefined
0011R00001zErmt,undefined
0013600001w24Xz,undefined
0013600001w24aA,undefined
0013600001w2735,undefined
0013600001w24QU,undefined
0013600001w270a,undefined
0013600001w27Xw,undefined
0013600001w2OgY,undefined
0013600001w2Oij,undefined
0013600001w235S,undefined
0013600001w2OlJ,undefined
0013600001w275Q,undefined
0013600001w2439,undefined
0013600001w24dJ,undefined
0013600001w2MUs,undefined
0013600001w2Of1,undefined
0013600001w26W5,undefined
0013600001w2Oe8,undefined
0013600001w24ip,undefined
0013600001w23nY,undefined
0013600001w2MW5,undefined
0013600001w2OOT,undefined
0013600001w240m,undefined
0013600001w2Obc,undefined
0013600001w23ru,undefined
0013600001w23ZE,undefined
0013600001w2OXV,undefined
0013600001w2OaA,undefined
0013600001w23LW,undefined
0013600001w24lJ,undefined
0013600001w23dY,undefined
0013600001w24gN,undefined
0013600001w23jW,undefined
0013600001w24Ne,undefined
0013600001w26bO,undefined
0013600001w23PT,undefined
0013600001w24eq,undefined
0013600001w2P0L,undefined
0013600001w2bbb,undefined
0011R00001zErse,undefined
0013600001w2PWU,undefined
0013600001xpLhd,undefined
0013600001xpMbW,undefined
0013600001xpMfi,undefined
0013600001msyO5,undefined
0013600001msyO9,undefined
0013600001w2OJE,undefined
0013600001w2bt1,undefined
0013600001w2Ovv,undefined
0013600001w2PHe,undefined
0013600001xpLoP,undefined
0013600001xpMZa,undefined
0013600001xqH7w,undefined
0013600001xq4U1,undefined
0013600001xq4Pf,undefined
0013600001xqH8k,undefined
0013600001xqjcy,undefined
0011R00001zBpKY,undefined
0013600001xq4So,undefined
0013600001xqjbg,undefined
0011R00001xsm8Z,undefined
0011R00001xt3Fz,undefined
0011R00001zD6Ql,undefined
0011R00001zD6SD,undefined
0011R00001zD6Tu,undefined
0011R00001zEpQi,undefined
0013600001otwa2,undefined
0013600001otwTL,undefined
0013600001otwq0,undefined
0013600001oty1Z,undefined
0013600001otwgZ,undefined
0013600001otxYC,undefined
0013600001otwmD,undefined
0013600001otxbu,undefined
0013600001otxdg,undefined
0013600001oty3u,undefined
0013600001otxwT,undefined
0013600001oty7S,undefined
0013600001otxt5,undefined
0013600001otxur,undefined
0011R00001xt2DE,undefined
0011R00001xt4GB,undefined
0011R00001xt4Gu,undefined
0011R00001xt3VH,undefined
0013600001xsTQk,undefined
0013600001xsR5h,undefined
0013600001xsRIk,undefined
0013600001xsRUc,undefined
0013600001xsTH7,undefined
0011R00001xt3Sg,undefined
0013600001xsR16,undefined
0013600001tw1Wl,undefined
0013600001urBk4,undefined
0013600001vg2HN,undefined
0013600001vg2hx,undefined
0013600001vf8Ra,undefined
0013600001vDtIu,undefined
0013600001vg2xC,undefined
0013600001vfxTK,undefined
0013600001vg31D,undefined
0013600001vg2oZ,undefined
0013600001vg2jt,undefined
0013600001vfxfz,undefined
0013600001vfxdo,undefined
0011R000021pqYC,undefined
0011R000021pqbf,undefined
0011R000021pqil,undefined
0011R000021pqfm,undefined
0011R000021pqjt,undefined
0011R000021ppyS,undefined
0011R000021pqhE,undefined
0011R000021srxK,undefined
0011R000021ss17,undefined
0011R000021srzB,undefined
0011R000021ss0O,undefined
0011R000021sruL,undefined
0011R00001xtDac,undefined
0011R00001xtDVX,undefined
0011R00001xtDdq,undefined
0011R00001xtDf8,undefined
0011R00001zBayn,undefined
0011R00001zBaqy,undefined
0011R00001zBarN,undefined
0011R00001zBqUL,undefined
0011R00001zBqSr,undefined
0011R00001zBqUf,undefined
0011R00001zBqS3,undefined
0011R00001zBqSS,undefined
0011R00001zDXqn,undefined
0011R00001zEfLg,undefined
0011R00001zEfSj,undefined
0011R00001zDn0E,undefined
0011R00002478mX,undefined
0011R00002478lI,undefined
0011R00002478n6,undefined
0011R00002478jW,undefined
0011R000024jukO,undefined
0011R000024kYim,undefined
0011R000024kYd9,undefined
0011R000024kYeg,undefined
0011R000024kYg6,undefined
0011R000024kYli,undefined
0011R000024kYWW,undefined
0011R000024kYRp,undefined
0011R000024kYVT,undefined
0011R000024kxvc,undefined
0011R000024ky1h,undefined
0011R000024kxxa,undefined
0011R000024lZYT,undefined
0011R000024la1G,undefined
0011R000024laA8,undefined
0011R000024mYYe,undefined
0011R000024mbb7,undefined
0011R000024mZyV,undefined
0011R00001xt3ft,undefined
0011R00001xtDXT,undefined
0013600001xpS9Q,undefined
0013600001xpVkP,undefined
0013600001xpN0n,undefined
0013600001xpVl8,undefined
0013600001xpdkq,undefined
0013600001kse86,undefined
0013600001xpN9k,undefined
0013600001xpNHy,undefined
0013600001xpVnP,undefined
0013600001xpVn5,undefined
0013600001xpdgP,undefined
0013600001xpVlh,undefined
0013600001xpVmW,undefined
0011R00001zBqR5,undefined
0011R00001zBaqj,undefined
0011R00001zEfXF,undefined
0011R00001zEfK4,undefined
0011R00001zEfWW,undefined
0013600001oUMCd,undefined
0011R00001xtDZA,undefined
0011R00001xtDa3,undefined
0011R00001zBaXJ,undefined
0011R00001zBaaN,undefined
0011R00001xtDcx,undefined
0011R00001xtDYR,undefined
0013600001pyUcC,undefined
0013600001qW9zC,undefined
0013600001rgKCZ,undefined
0013600001qwacM,undefined
0011R00001xtDeK,undefined
0011R00001xtDbG,undefined
0013600001txwBc,undefined
0013600001tLyLj,undefined
0013600001s7Gh1,undefined
0013600001uam7T,undefined
0013600001sorbL,undefined
0013600001s7H5n,undefined
0013600001tnSRV,undefined
0013600001spyZz,undefined
0013600001uESwJ,undefined
0013600001uamDb,undefined
0013600001vEbNP,undefined
0013600001vf7fq,undefined
0013600001vDvdX,undefined
0013600001vFbfn,undefined
0013600001vf47t,undefined
0013600001vg2lQ,undefined
0013600001vfwwr,undefined
0013600001viUPA,undefined
0013600001vibmE,undefined
0013600001vifCJ,undefined
0013600001viZiR,undefined
0013600001vicqm,undefined
0013600001txwNk,undefined
0013600001viWxK,undefined
0013600001w0qdt,undefined
0011R000021szKf,undefined
0011R000021szZj,undefined
0013600001w28eh,undefined
0013600001w2vYm,undefined
0013600001w2u3S,undefined
0013600001w2aZj,undefined
0013600001w2tTA,undefined
0013600001w2tX2,undefined
0013600001mtMmH,undefined
0013600001msyMg,undefined
0013600001msyMi,undefined
0013600001msyPN,undefined
0013600001msyPO,undefined
0013600001msyPP,undefined
0013600001msyPQ,undefined
0013600001msyPR,undefined
0013600001msyPS,undefined
0013600001msyMP,undefined
0013600001w2tEj,undefined
0013600001xsUMr,undefined
0013600001pvU8J,undefined
0013600001pLvo9,undefined
0013600001xsUDD,undefined
0013600001qyeEs,undefined
0013600001rgKYQ,undefined
0013600001rG0Fs,undefined
0013600001pxn0a,undefined
0013600001qXuGu,undefined
0013600001rgHa4,undefined
0013600001qXveF,undefined
0013600001qWA89,undefined
0013600001pxjWX,undefined
0013600001qxj4F,undefined
0013600001pxn1x,undefined
0013600001rgHa9,undefined
0013600001qXuMn,undefined
0013600001ualrf,undefined
0013600001uau09,undefined
0013600001uadQR,undefined
0013600001uad0O,undefined
0013600001uZvVB,undefined
0013600001uabt7,undefined
0013600001uacM9,undefined
0013600001uac5r,undefined
0013600001urDo1,undefined
0013600001uan8q,undefined
0013600001uan1J,undefined
0013600001ur8VF,undefined
0013600001vBiuZ,undefined
0013600001utzsT,undefined
0013600001uadeY,undefined
0013600001uamJK,undefined
0013600001uanJK,undefined
0013600001urzoh,undefined
0013600001vEe53,undefined
0013600001uc1Hs,undefined
0013600001uanEK,undefined
0013600001vf86c,undefined
0013600001vEiYk,undefined
0013600001vBjJv,undefined
0013600001vDlom,undefined
0013600001urzmO,undefined
0013600001urzr7,undefined
0013600001uu0QV,undefined
0013600001vDpPR,undefined
0013600001vDvCD,undefined
0013600001vf8Nd,undefined
0013600001vgCUm,undefined
0013600001vBkZp,undefined
0013600001vEgpq,undefined
0013600001urDwr,undefined
0013600001ury91,undefined
0013600001vDpqz,undefined
0013600001utzGZ,undefined
0013600001viez0,undefined
0013600001viZvB,undefined
0013600001uae46,undefined
0013600001uadBR,undefined
0013600001uc1LG,undefined
0013600001w0IKj,undefined
0013600001vifcg,undefined
0013600001w0GSd,undefined
0013600001w0gb7,undefined
0013600001w14AR,undefined
0011R000021pOul,undefined
0013600001w170l,undefined
0011R000022goVo,undefined
0011R00001xslus,undefined
0013600001xraKw,undefined
0011R0000246oX8,undefined
0011R000024mbfQ,undefined
0011R000024mbg1,undefined
0011R000024mNkE,undefined
0011R000025h7e4,undefined
0011R000025h7fO,undefined
0013600001uacqE,undefined
0013600001uacff,undefined
0013600001xrTZV,undefined
0013600001mvFxk,undefined
0013600001nDVON,undefined
0013600001w2fna,undefined
0013600001w2txj,undefined
0013600001xrBam,undefined
0013600001w3OIC,undefined
0013600001ngeZT,undefined
0013600001ngelA,undefined
0013600001ng5y1,undefined
0013600001mtJfz,undefined
0013600001kseAq,undefined
0013600001mvGDn,undefined
0013600001ng5tk,undefined
0013600001ngb22,undefined
0013600001mtJTj,undefined
0013600001kse7k,undefined
0013600001kse7l,undefined
0013600001kse7m,undefined
0013600001kse7n,undefined
0013600001kse7p,undefined
0013600001kse7r,undefined
0013600001kse7u,undefined
0013600001kse7w,undefined
0013600001kse7y,undefined
0013600001kse7z,undefined
0013600001kse80,undefined
0013600001kse88,undefined
0013600001kse8D,undefined
0013600001kse8E,undefined
0013600001kse8G,undefined
0013600001kse8I,undefined
0013600001kse8K,undefined
0013600001kse8L,undefined
0013600001kse8P,undefined
0013600001kse8Q,undefined
0013600001kse8W,undefined
0013600001kse8X,undefined
0013600001kse8Z,undefined
0013600001kse8a,undefined
0013600001kse8d,undefined
0013600001kse8e,undefined
0013600001kse8g,undefined
0013600001kse8l,undefined
0013600001kse8m,undefined
0013600001kse8o,undefined
0013600001kse8p,undefined
0013600001kse8q,undefined
0013600001kse8r,undefined
0013600001kse8s,undefined
0013600001kse8u,undefined
0013600001kse8v,undefined
0013600001kse8y,undefined
0013600001ngehc,undefined
0013600001msyNI,undefined
0013600001msyNT,undefined
0013600001msyNW,undefined
0013600001msyNY,undefined
0013600001msyNd,undefined
0013600001msyOJ,undefined
0013600001msyOK,undefined
0013600001msyOM,undefined
0013600001msyON,undefined
0013600001msyOO,undefined
0013600001msyOP,undefined
0013600001mtFaG,undefined
0013600001msyOx,undefined
0013600001msyOy,undefined
0013600001msyP3,undefined
0013600001msyP5,undefined
0013600001xqjea,undefined
0013600001xqkdU,undefined
0011R00001xsunT,undefined
0013600001ovyXe,undefined
0013600001otw5E,undefined
0013600001otwMF,undefined
0013600001oV8KC,undefined
0013600001oYBX4,undefined
0013600001otscY,undefined
0013600001ovLXS,undefined
0013600001pvar1,undefined
0013600001pM5E8,undefined
0013600001otwtn,undefined
0013600001pvatq,undefined
0013600001pKLny,undefined
0013600001otvqn,undefined
0013600001otxuh,undefined
0013600001pvbf6,undefined
0013600001pvM5f,undefined
0013600001ovMra,undefined
0013600001ovM2I,undefined
0013600001oty5v,undefined
0013600001otwgP,undefined
0013600001pM4BI,undefined
0013600001otwGg,undefined
0013600001pvU5K,undefined
0013600001pvbg4,undefined
0013600001px8ST,undefined
0013600001qX3rP,undefined
0013600001qX4ks,undefined
0013600001qwj7M,undefined
0013600001pxbCC,undefined
0013600001qX2zG,undefined
0013600001pxkMK,undefined
0013600001xsQL2,undefined
0013600001uatgn,undefined
0013600001tnLz5,undefined
0013600001uatYe,undefined
0013600001uatp6,undefined
0013600001tnMM4,undefined
0013600001uatwq,undefined
0013600001urBs3,undefined
0013600001w0HES,undefined
0011R000022dJhP,undefined
0011R000022dV0D,undefined
0011R000022dJeM,undefined
0011R000022dJkx,undefined
0011R000022dJcG,undefined
0011R000022dJiw,undefined
0011R000022dJh0,undefined
0011R000022dnOR,undefined
0013600001xsJMl,undefined
0011R00001zEfII,undefined
0011R00001zEfMy,undefined
0011R00001zEfZq,undefined
0011R00001zD8TS,undefined
0011R00001zCVCj,undefined
0011R000024jW2B,undefined
0011R000024jVHG,undefined
0011R000024jl5v,undefined
0011R000024jwtv,undefined
0011R000024k8at,undefined
0011R000024k8do,undefined
0011R000024jwu5,undefined
0011R000024k8Ss,undefined
0011R000024k8OP,undefined
0011R000024kxWP,undefined
0011R000024lJxR,undefined
0011R000024l9f9,undefined
0013600001w2dOq,undefined
0013600001w2ObX,undefined
0011R000024mOai,undefined
0011R000024n2Fj,undefined
0011R000024n2GN,undefined
0011R000024n2ER,undefined
0011R000024n2CP,undefined
0011R000024n29e,undefined
0011R000025h8gG,undefined
0011R000025htHS,undefined
0013600001w2OaU,undefined
0013600001w2dUj,undefined
0013600001w2djr,undefined
0013600001xq35R,undefined
0013600001xq32S,undefined
0013600001xq3Ci,undefined
0013600001xq3GL,undefined
0013600001w2Ocu,undefined
0013600001w2xMI,undefined
0013600001w2dfL,undefined
0013600001w337b,undefined
0013600001xq381,undefined
0013600001xq3cD,undefined
0013600001xq3xl,undefined
0013600001xq3N7,undefined
0013600001xq39x,undefined
0011R00001zEfP6,undefined
0011R00001zEfA4,undefined
0011R00001zEfEE,undefined
0011R00001zEfY4,undefined
0011R00001zEfSo,undefined
0013600001tuovJ,undefined
0013600001tmN82,undefined
0013600001txpaL,undefined
0013600001txvwQ,undefined
0013600001ubyVv,undefined
0013600001w0xZF,undefined
0013600001w0xo8,undefined
0011R000021t15f,undefined
0011R000022e6mE,undefined
0011R000024jlLA,undefined
0011R000024jwlM,undefined
0011R000024lNCY,undefined
0013600001nEjYG,undefined
0013600001kse7j,undefined
0013600001kse7q,undefined
0013600001kse7x,undefined
0013600001kse8C,undefined
0013600001kse8S,undefined
0013600001kse8U,undefined
0013600001kse8Y,undefined
0013600001kse8i,undefined
0013600001kse8k,undefined
0013600001msyMm,undefined
0013600001msyMo,undefined
0013600001msyNz,undefined
0013600001msyO7,undefined
0013600001w2uuT,undefined
0013600001xsPIM,undefined
0013600001njPgF,undefined
0013600001oUM8q,undefined
0013600001oUMrH,undefined
0013600001njRsy,undefined
0013600001oWctz,undefined
0013600001oUO8J,undefined
0013600001njOvn,undefined
0013600001oUJeu,undefined
0013600001oUKpE,undefined
0013600001oUNpC,undefined
0013600001pJiUJ,undefined
0013600001pLC5w,undefined
0013600001oUN2F,undefined
0013600001pvJws,undefined
0013600001pvbmq,undefined
0013600001rFwvi,undefined
0013600001seQKD,undefined
0011R000021pQ1b,undefined
0011R000021pqWk,undefined
0011R000021ppVN,undefined
0011R00001zCN80,undefined
0011R00001zC5im,undefined
0011R00001zCmBO,undefined
0011R00001zDe5F,undefined
0011R00001zCUPS,undefined
0011R00001zCtlF,undefined
0011R00001zDO2C,undefined
0011R000024kaqL,undefined
0011R000024lWPY,undefined
0011R000024mbtj,undefined
0011R000024mnSx,undefined
0011R000024mbsI,undefined
0011R000024mnGy,undefined
0011R000024mqK2,undefined
0011R000024mm9S,undefined
0011R000024mamT,undefined
0011R000024mb45,undefined
0011R000024mnM8,undefined
0011R000024mb9I,undefined
0011R000025h7af,undefined
0011R000025h7oF,undefined
0013600001nhm5N,undefined
0013600001ng6Ex,undefined
0013600001msyNy,undefined
0011R00001zEdOT,undefined
0011R00001zDWTE,undefined
0013600001njPqK,undefined
0013600001njPy4,undefined
0013600001pLIxZ,undefined
0013600001njPw3,undefined
0013600001pKT7N,undefined
0013600001pvZDs,undefined
0013600001pLK8E,undefined
0013600001pJWiv,undefined
0013600001qZfQF,undefined
0013600001qX0Wl,undefined
0013600001pxfRM,undefined
0013600001pyQZq,undefined
0013600001qwcIY,undefined
0013600001tv9ae,undefined
0013600001tmKMI,undefined
0013600001s7EaI,undefined
0013600001s5yJQ,undefined
0013600001tmP9F,undefined
0013600001sgDMU,undefined
0013600001s75PR,undefined
0013600001tM1sn,undefined
0013600001uanVJ,undefined
0013600001tmLSa,undefined
0013600001seVyB,undefined
0013600001tv1Mj,undefined
0013600001uEKRu,undefined
0013600001uanEA,undefined
0013600001sE7ON,undefined
0013600001sqA8R,undefined
0013600001sEAWp,undefined
0013600001tLyuu,undefined
0013600001txu7U,undefined
0013600001tw1WH,undefined
0013600001tw6uR,undefined
0013600001sE9Br,undefined
0013600001sENXL,undefined
0013600001spxWz,undefined
0013600001tM1FB,undefined
0013600001sr7oR,undefined
0013600001tKx4j,undefined
0013600001tx5UE,undefined
0013600001tmI4Q,undefined
0013600001uc1AY,undefined
0013600001ur61I,undefined
0013600001vEe9t,undefined
0013600001uanrr,undefined
0011R000021pKmD,undefined
0011R000021sz8y,undefined
0013600001nhnhP,undefined
0013600001nghTm,undefined
0013600001nhFah,undefined
0013600001msyND,undefined
0013600001msyNq,undefined
0013600001msyNr,undefined
0013600001msyOA,undefined
0013600001msyOI,undefined
0013600001msyOZ,undefined
0013600001msyPJ,undefined
0013600001msyMV,undefined
0013600001xs0sQ,undefined
0013600001njTsg,undefined
0013600001njTY2,undefined
0013600001pKPXQ,undefined
0013600001oGuqp,undefined
0013600001pvbs2,undefined
0013600001pxGBV,undefined
0013600001pvIC0,undefined
0013600001pLJCy,undefined
0013600001pxAWr,undefined
0013600001pLK1h,undefined
0013600001pvZki,undefined
0013600001pKOQs,undefined
0013600001pvJac,undefined
0013600001pLKPo,undefined
0013600001qX1D8,undefined
0013600001qXxEd,undefined
0013600001qXoJ3,undefined
0013600001qXlpQ,undefined
0013600001rgNv1,undefined
0013600001qyZ59,undefined
0013600001rG0T1,undefined
0013600001qX362,undefined
0013600001qX3VX,undefined
0013600001qXrSm,undefined
0013600001qvfbF,undefined
0013600001qZnyS,undefined
0013600001qZgtH,undefined
0013600001rEvkx,undefined
0013600001qXohK,undefined
0013600001qWDDc,undefined
0013600001qZeea,undefined
0013600001qZk05,undefined
0013600001qvlPF,undefined
0013600001qXs9K,undefined
0013600001qXtp0,undefined
0013600001rgHeG,undefined
0013600001rhaw0,undefined
0013600001qXn50,undefined
0013600001qygy6,undefined
0013600001qXtfM,undefined
0013600001rEmcx,undefined
0013600001qXr0s,undefined
0013600001rgRzN,undefined
0013600001qvafM,undefined
0013600001qZmyF,undefined
0013600001pxeKZ,undefined
0013600001pxb2K,undefined
0013600001qZkFo,undefined
0013600001qX3FY,undefined
0013600001qZfnn,undefined
0013600001rG3P2,undefined
0013600001rFxhO,undefined
0013600001rFySj,undefined
0013600001qXndR,undefined
0013600001pyVlC,undefined
0013600001qva3h,undefined
0013600001rhapx,undefined
0013600001rgS3y,undefined
0013600001rgT45,undefined
0013600001s8lWN,undefined
0013600001ssGdl,undefined
0013600001tv1yx,undefined
0013600001tx0BH,undefined
0013600001uEMlP,undefined
0013600001srF9i,undefined
0013600001uafmK,undefined
0013600001sq0FJ,undefined
0013600001tv9Ch,undefined
0013600001uan6B,undefined
0013600001sq0I8,undefined
0013600001tK1Kd,undefined
0013600001tmQcn,undefined
0013600001uanvy,undefined
0013600001us5xJ,undefined
0013600001srFKR,undefined
0013600001tLA8p,undefined
0013600001us8Jf,undefined
0013600001tmKfN,undefined
0013600001ubuEl,undefined
0013600001tmIUM,undefined
0013600001srAK3,undefined
0013600001uatwM,undefined
0013600001vfz7k,undefined
0013600001vg5EV,undefined
0013600001vf7YB,undefined
0013600001vFe6m,undefined
0013600001vFnFV,undefined
0013600001vEWIr,undefined
0013600001w08X8,undefined
0013600001w0XPd,undefined
0013600001tu1jv,undefined
0013600001tx09J,undefined
0011R00001xtOYo,undefined
0011R0000246mxC,undefined
0013600001w0F67,undefined
0013600001w05y7,undefined
0013600001w15ZP,undefined
0011R000021pOEw,undefined
0011R000021t0Yg,undefined
0011R000021t0Oj,undefined
0011R000022dIko,undefined
0011R000022dIg1,undefined
0011R000022dIjF,undefined
0011R000022dIiR,undefined
0013600001w0qjr,undefined
0013600001w14LK,undefined
0011R00001zC5Pa,undefined
0011R00001zBqas,undefined
0011R000022gmE1,undefined
0011R000022gmHL,undefined
0011R00001zCuL6,undefined
0011R00001zD4tA,undefined
0011R00001zCCt2,undefined
0011R00001zCuF7,undefined
0011R00001zD4ud,undefined
0011R00001zCEs6,undefined
0011R00001zCuK8,undefined
0011R00001zCuHs,undefined
0011R00001zD4yG,undefined
0011R00001zCuIR,undefined
0011R00001zD4wP,undefined
0011R00001zD4xI,undefined
0011R00001zDXEt,undefined
0013600001w27oP,undefined
0011R000024mlmw,undefined
0011R000024mllU,undefined
0011R000025i8ey,undefined
0013600001uag3e,undefined
0011R00001xt25A,undefined
0013600001w2dJl,undefined
0013600001w2Le4,undefined
0013600001w2M9T,undefined
0013600001w2Av1,undefined
0013600001w2MR5,undefined
0013600001w329m,undefined
0013600001w2xyn,undefined
0013600001w2yRr,undefined
0013600001w32ES,undefined
0013600001w2znj,undefined
0013600001w3HMs,undefined
0013600001w312B,undefined
0013600001kse8b,undefined
0013600001msyMs,undefined
0013600001msyMt,undefined
0013600001msyMu,undefined
0013600001msyMv,undefined
0013600001msyMw,undefined
0013600001msyNB,undefined
0013600001msyNE,undefined
0013600001msyNp,undefined
0013600001msyOL,undefined
0013600001msyOT,undefined
0013600001msyOU,undefined
0013600001msyOV,undefined
0013600001msyP1,undefined
0013600001msyP4,undefined
0013600001msyP9,undefined
0013600001msyPK,undefined
0013600001msyMZ,undefined
0013600001w2yGT,undefined
0013600001xq7cu,undefined
0013600001w30R5,undefined
0013600001xq7sE,undefined
0013600001xq84U,undefined
0013600001xq6Qc,undefined
0013600001xq7vS,undefined
0013600001xq7kt,undefined
0013600001xq6xw,undefined
0013600001xq6Hk,undefined
0013600001xq7yR,undefined
0013600001xqgLx,undefined
0011R00001xt23j,undefined
0013600001xsUzS,undefined
0011R00001xt27z,undefined
0011R00001xt26S,undefined
0011R00001xt4By,undefined
0011R00001zEdNG,undefined
0011R00001zEeds,undefined
0013600001niyLZ,undefined
0013600001njOdP,undefined
0013600001niyJJ,undefined
0013600001niyQj,undefined
0013600001oHeBk,undefined
0013600001pL8SN,undefined
0013600001xq81u,undefined
0011R00001xsnT3,undefined
0013600001qyX5C,undefined
0013600001qyYxZ,undefined
0013600001rEpBg,undefined
0013600001qXwFL,undefined
0013600001qvcxc,undefined
0013600001rgUVe,undefined
0013600001qX0xe,undefined
0013600001rG2Ld,undefined
0013600001qyiQz,undefined
0013600001rEruQ,undefined
0013600001qZnym,undefined
0013600001sq2c8,undefined
0013600001uETaB,undefined
0013600001ubte9,undefined
0013600001uafvW,undefined
0013600001vBies,undefined
0013600001w08Nh,undefined
0011R000022dZmM,undefined
0011R000022dZiP,undefined
0011R000022dZqU,undefined
0011R000022dZkx,undefined
0011R000022dZoH,undefined
0011R000022dZnq,undefined
0011R000022dZnG,undefined
0011R00001zEdxH,undefined
0011R000024mYM7,undefined
0011R000024mYNF,undefined
0011R000024mYKQ,undefined
0013600001msyMh,undefined
0013600001msyMc,undefined
0013600001msyMd,undefined
0013600001msyMf,undefined
0011R00001zDXUN,undefined
0013600001pLG5r,undefined
0013600001qxjhW,undefined
0013600001qX0P6,undefined
0013600001qygw0,undefined
0013600001tmXkL,undefined
0013600001tv4yQ,undefined
0013600001tv50g,undefined
0013600001tv51F,undefined
0013600001tv531,undefined
0013600001tMFct,undefined
0013600001tMFeB,undefined
0013600001ubu18,undefined
0013600001uc1C9,undefined
0013600001tmIrB,undefined
0013600001tvBv4,undefined
0013600001tvBaL,undefined
0013600001ualS3,undefined
0013600001tMFcA,undefined
0013600001tmIlI,undefined
0013600001uc0qs,undefined
0013600001uc0tX,undefined
0013600001tvC2s,undefined
0013600001tvC2J,undefined
0013600001uENfB,undefined
0013600001tvBXq,undefined
0013600001uZvCd,undefined
0013600001ubptZ,undefined
0013600001uc15x,undefined
0013600001uZv7x,undefined
0013600001tmIa0,undefined
0013600001uZvBB,undefined
0013600001tMFfn,undefined
0013600001tvBZS,undefined
0013600001twyyL,undefined
0013600001tv5M3,undefined
0013600001uZvFc,undefined
0013600001uc1G1,undefined
0013600001tmIuP,undefined
0013600001twssR,undefined
0013600001tmIft,undefined
0013600001tmY0O,undefined
0013600001tv4vb,undefined
0013600001tv9Zg,undefined
0013600001tvBbE,undefined
0013600001tMFa9,undefined
0013600001tvBxe,undefined
0013600001tmImG,undefined
0013600001twtCH,undefined
0013600001txomz,undefined
0013600001tv4wf,undefined
0013600001tmIz5,undefined
0013600001tmInY,undefined
0013600001uc1Dl,undefined
0013600001uc1FD,undefined
0013600001tv55v,undefined
0013600001tnPrp,undefined
0013600001uZvBQ,undefined
0013600001uZvEF,undefined
0013600001uc13r,undefined
0013600001uc0xo,undefined
0013600001uc0vd,undefined
0013600001ubrpx,undefined
0013600001ubtal,undefined
0013600001uc10J,undefined
0013600001vDvks,undefined
0013600001vDuoA,undefined
0013600001uZvC4,undefined
0013600001vDsmF,undefined
0013600001uc0t3,undefined
0013600001ubrx8,undefined
0013600001vgBlJ,undefined
0013600001uc0oN,undefined
0013600001uc11H,undefined
0013600001uc1AJ,undefined
0013600001uc1Gf,undefined
0013600001uc15E,undefined
0013600001vDslL,undefined
0013600001vDsiq,undefined
0013600001vDusD,undefined
0013600001ubrta,undefined
0013600001vDuqq,undefined
0013600001vFngD,undefined
0013600001vDsgf,undefined
0013600001vDuux,undefined
0013600001w097z,undefined
0013600001vicU2,undefined
0013600001vicXp,undefined
0013600001w098x,undefined
0013600001vicds,undefined
0013600001w0I7B,undefined
0013600001w0ZDo,undefined
0013600001w09QZ,undefined
0013600001w15B9,undefined
0013600001w15FI,undefined
0013600001w15Nx,undefined
0013600001w0i1t,undefined
0013600001w0hdS,undefined
0013600001w15Yq,undefined
0013600001w0ZAp,undefined
0013600001w0ike,undefined
0013600001w0iqJ,undefined
0013600001w0ir7,undefined
0013600001w15bk,undefined
0013600001w15bu,undefined
0013600001w0hSF,undefined
0013600001w0dkr,undefined
0013600001w0gpx,undefined
0013600001w0hEn,undefined
0013600001w0hh0,undefined
0013600001w0i09,undefined
0013600001w0idE,undefined
0013600001w0inT,undefined
0013600001w0ndf,undefined
0013600001w15MV,undefined
0013600001w15h4,undefined
0013600001w0oRy,undefined
0013600001w0gYS,undefined
0013600001w0iqs,undefined
0013600001w0ixU,undefined
0013600001w0hym,undefined
0013600001w0iSp,undefined
0013600001w0iaP,undefined
0013600001w0ie2,undefined
0013600001w0iiY,undefined
0013600001w0ikU,undefined
0013600001w0icQ,undefined
0013600001w0ilc,undefined
0013600001w0gy1,undefined
0013600001w0hbq,undefined
0013600001w0f9b,undefined
0011R00001zEpmB,undefined
0011R00001zEpo2,undefined
0013600001uZv9K,undefined
0013600001ubsP7,undefined
0013600001uc188,undefined
0013600001twyvW,undefined
0011R00001zEpyI,undefined
0011R00001zBixx,undefined
0011R00001zD4t0,undefined
0013600001w0FnX,undefined
0013600001w0GB9,undefined
0013600001w0h5q,undefined
0013600001w0hNu,undefined
0013600001w0h2S,undefined
0013600001w0h5v,undefined
0013600001w0iXk,undefined
0013600001w15JH,undefined
0013600001w15cO,undefined
0013600001w15eK,undefined
0013600001w0IAK,undefined
0013600001w0fcF,undefined
0013600001w0izp,undefined
0013600001w0dla,undefined
0013600001w0h2D,undefined
0013600001w0iXp,undefined
0013600001w0ilI,undefined
0013600001w0gfY,undefined
0013600001w0ih1,undefined
0013600001w0ii4,undefined
0013600001w15Yv,undefined
0013600001w0iWh,undefined
0013600001w0ioR,undefined
0013600001w0j0d,undefined
0013600001w0nXO,undefined
0013600001w0cPY,undefined
0013600001w0iTE,undefined
0013600001w0j1g,undefined
0013600001w15lk,undefined
0013600001w15D4,undefined
0013600001w0fVT,undefined
0013600001w0gu9,undefined
0013600001w0iob,undefined
0013600001w0hvd,undefined
0013600001w0dm9,undefined
0013600001w0hiN,undefined
0013600001w0hIp,undefined
0013600001w0hpf,undefined
0013600001w0ijH,undefined
0013600001w0gz9,undefined
0013600001w0hAW,undefined
0013600001w0hVn,undefined
0013600001w0iZM,undefined
0013600001w0iao,undefined
0013600001w0iin,undefined
0013600001w0iyI,undefined
0013600001w0hMN,undefined
0013600001w0hAH,undefined
0013600001w0iFW,undefined
0013600001w0ifA,undefined
0013600001w0hZQ,undefined
0013600001w0oWK,undefined
0013600001w0ip0,undefined
0013600001w15PU,undefined
0013600001w15Vw,undefined
0013600001w15oe,undefined
0013600001w15Ii,undefined
0013600001w15KF,undefined
0013600001w15W6,undefined
0013600001w14fV,undefined
0013600001w15NE,undefined
0013600001w15Rf,undefined
0013600001w15Yb,undefined
0013600001w15SY,undefined
0013600001w15Ru,undefined
0013600001w15Q3,undefined
0011R000021pq2R,undefined
0011R000021pqa8,undefined
0011R000021pqdR,undefined
0011R000021pq4j,undefined
0011R000021pooP,undefined
0011R000021poqu,undefined
0011R000021pqFB,undefined
0011R000021pqVh,undefined
0011R000021pqbu,undefined
0011R000021pqDU,undefined
0011R000021pqHq,undefined
0011R000021pqcn,undefined
0011R000021pqe0,undefined
0011R000021ppdy,undefined
0011R000021pq3z,undefined
0011R000021pqKQ,undefined
0011R000021pqWf,undefined
0011R000021ppmP,undefined
0011R000021pqXd,undefined
0011R000021ppjd,undefined
0011R000021ppMZ,undefined
0011R000021ppo6,undefined
0011R000021ppfG,undefined
0011R000021pop3,undefined
0011R000021ppJJ,undefined
0011R000021posQ,undefined
0013600001w0fZa,undefined
0013600001w0icp,undefined
0013600001w0isZ,undefined
0013600001w0gtG,undefined
0013600001w0heu,undefined
0013600001w0ibc,undefined
0013600001w0oZd,undefined
0013600001w15AV,undefined
0013600001w15Vc,undefined
0013600001w15nb,undefined
0013600001w15Cz,undefined
0013600001w15Ov,undefined
0013600001w15VS,undefined
0013600001w15pc,undefined
0013600001w15Pj,undefined
0013600001w15ah,undefined
0013600001w15b6,undefined
0011R00001zBK2E,undefined
0011R00001zBiqg,undefined
0011R00001zC4ew,undefined
0011R000022g31E,undefined
0011R000022g33e,undefined
0011R000022g2yZ,undefined
0011R000022g36P,undefined
0011R000022g32R,undefined
0011R000022g34n,undefined
0011R000022g35v,undefined
0011R000022g38h,undefined
0011R000022g37W,undefined
0011R000021rAxA,undefined
0011R00001xsnbA,undefined
0011R00001xsmQb,undefined
0011R00001xsmSv,undefined
0011R00001zBiAb,undefined
0011R00001zC4y0,undefined
0011R00001zC4wi,undefined
0011R00001zC4SC,undefined
0011R00001zC5Ec,undefined
0011R00001zC4Xj,undefined
0011R00001zC4YS,undefined
0011R00001zC58A,undefined
0011R00001zEfbm,undefined
0011R00001zEfcp,undefined
0011R00001zEfdJ,undefined
0011R00001zEfev,undefined
0011R00001zEfZb,undefined
0011R00001zEfaK,undefined
0011R00001zEfeW,undefined
0011R00001zEfb3,undefined
0011R00001zEfe7,undefined
0011R000024lNA7,undefined
0011R00001xsovN,undefined
0013600001w26ay,undefined
0011R00001zEpwl,undefined
0011R00001zEptI,undefined
0011R00001zEpv4,undefined
0011R00001zEpp5,undefined
0011R00001zEprq,undefined
0011R000024lXkr,undefined
0011R000024mlnb,undefined
0011R000024n1OO,undefined
0011R000024n2yD,undefined
0011R000024n1PC,undefined
0011R000024n1QJ,undefined
0011R000024n1N6,undefined
0011R000024n2n3,undefined
0011R000024n2zq,undefined
0011R000024n1LX,undefined
0011R000024n1Mc,undefined
0011R000024n38b,undefined
0011R000024n39n,undefined
0011R000024n2oq,undefined
0011R000024n3Dw,undefined
0011R000024n1Kk,undefined
0011R000024n3CA,undefined
0011R000024n30f,undefined
0011R000024n2mZ,undefined
0011R000025h6rb,undefined
0011R000025h8TP,undefined
0011R000025h6o4,undefined
0011R000025h6nG,undefined
0011R000025h8WH,undefined
0011R000025h8OT,undefined
0011R000025h8Ox,undefined
0011R000025h8QD,undefined
0011R000025h8XP,undefined
0011R000025h6ty,undefined
0011R000025h6qM,undefined
0011R000025h80N,undefined
0011R000025iCq3,undefined
0011R000025iCu3,undefined
0011R000025iFIt,undefined
0011R000025iFJi,undefined
0013600001uae7A,undefined
0011R00001xssDx,undefined
0013600001xraMu,undefined
0011R00001xsmOa,undefined
0011R00001xsn3e,undefined
0013600001xrotB,undefined
0013600001w2MNO,undefined
0013600001xrBkD,undefined
0013600001xpl0a,undefined
0013600001xpha1,undefined
0013600001xpnz4,undefined
0013600001xpkyF,undefined
0013600001msyOz,undefined
0011R00001zBadT,undefined
0011R00001zBabh,undefined
0011R00001zBacf,undefined
0013600001xqHLM,undefined
0013600001xqK2m,undefined
0013600001xq5jh,undefined
0013600001xrS3j,undefined
0013600001xrZM0,undefined
0013600001xraQu,undefined
0011R00001xsnId,undefined
0011R00001xsmf6,undefined
0011R00001xsnLJ,undefined
0011R00001xsnYI,undefined
0011R00001xsmKw,undefined
0011R00001zEpi9,undefined
0011R00001zEpkU,undefined
0013600001pLKNT,undefined
0011R00001xsnEu,undefined
0011R00001xsmgn,undefined
0011R00001xsnH5,undefined
0011R00001xsox4,undefined
0011R00001zBiyW,undefined
0013600001xrZSS,undefined
0013600001xrZVM,undefined
0013600001xraL6,undefined
0011R00001xsmDL,undefined
0011R00001xsmMt,undefined
0011R00001xsnJW,undefined
0011R00001xsnKe,undefined
0011R00001xsnfX,undefined
0011R00001xsmPn,undefined
0011R00001xt2cO,undefined
0011R00001xtKjh,undefined
0013600001qwfjN,undefined
0013600001qvXge,undefined
0011R00001zBafd,undefined